{"GPT-2 Sub-Space IIA": 0.7007633587786259, "Loss": 1.4605609913875583, "_timestamp": 1719421981.568135, "_runtime": 4038.4362120628357, "_step": 1, "Validation Accuracy": 0.10160427807486631, "Validation Loss": 5.453702900817688, "_wandb": {"runtime": 4037}}