{"Accuracy": 0.5921658873558044, "_timestamp": 1716525005.172311, "_runtime": 136.32845211029053, "_step": 0, "_wandb": {"runtime": 135}}