{"Accuracy": 0.9020737409591675, "_timestamp": 1716525101.543294, "_runtime": 165.44357585906982, "_step": 0, "_wandb": {"runtime": 164}}