{"Groups Accuracy": 0.06203531473875046, "_timestamp": 1717400871.7650504, "_runtime": 3266.7731714248657, "_step": 3, "_wandb": {"runtime": 3266}}