{"Full Data Gender de-baising Losses": 202.62127630423146, "_timestamp": 1717797340.9283657, "_runtime": 587.5969536304474, "_step": 9, "_wandb": {"runtime": 587}}