{"Full Data Gender de-baising Losses": 25.433707802608488, "_timestamp": 1717833244.9976623, "_runtime": 723.6921331882477, "_step": 9, "_wandb": {"runtime": 723}}