{"Full Data Gender de-baising Losses": 45.97663794045753, "_timestamp": 1717885394.4154716, "_runtime": 233.97420048713684, "_step": 0, "_wandb": {"runtime": 238}}