{"Full Data Accuracy": 0.5138248801231384, "_timestamp": 1717389852.1398308, "_runtime": 178.8119878768921, "_step": 0, "_wandb": {"runtime": 178}}