{"Full Data Gender de-baising Losses": 118.42989916327997, "_timestamp": 1717830292.780675, "_runtime": 594.6133279800415, "_step": 9, "_wandb": {"runtime": 594}}