{"Full Data Gender de-baising Losses": 11.719253005550542, "_timestamp": 1717460214.5002956, "_runtime": 30976.297629594803, "_step": 9, "_wandb": {"runtime": 30988}}