{"Full Data Gender de-baising Losses": 41.94111947166071, "_timestamp": 1717832420.122804, "_runtime": 858.8636629581451, "_step": 9, "_wandb": {"runtime": 858}}