{"Accuracy": 0.4907834231853485, "_timestamp": 1716362194.683115, "_runtime": 174.61510801315308, "_step": 0}