{"Accuracy": Infinity, "_timestamp": 1716212764.575947, "_runtime": 186.77309107780457, "_step": 0, "_wandb": {"runtime": 221}}