{"Accuracy": 0.5766128897666931, "_timestamp": 1716376956.121184, "_runtime": 176.10044121742249, "_step": 0}