{"Groups Accuracy": 0.821561336517334, "_timestamp": 1717400907.4807005, "_runtime": 3397.394200563431, "_step": 3, "_wandb": {"runtime": 3397}}