{"Gender de-baising Losses": 2.3823063373565674, "_timestamp": 1715774085.352791, "_runtime": 353.52471804618835, "_step": 32}