{"Full Data Gender de-baising Losses": 35.471239606562214, "_timestamp": 1717832440.6704764, "_runtime": 828.9726455211639, "_step": 9, "_wandb": {"runtime": 828}}