{"Full Data Gender de-baising Losses": 74.10474097940093, "_timestamp": 1717831080.871444, "_runtime": 768.2911329269409, "_step": 9, "_wandb": {"runtime": 767}}