{"Full Data Gender de-baising Losses": 11.844686177465965, "_timestamp": 1717389537.5355306, "_runtime": 1491.8161315917969, "_step": 24, "_wandb": {"runtime": 1491}}