{"Epochs": 3, "Loss": 0.005572018679231405, "_timestamp": 1715752919.970371, "_runtime": 228.2039680480957, "_step": 3}