{"Gender de-baising Losses": 6.183924342691898, "_timestamp": 1716358075.548217, "_runtime": 545.8863279819489, "_step": 437}