{"Full Data Accuracy": 0.5, "_timestamp": 1717855330.4590487, "_runtime": 455.43353962898254, "_step": 0, "_wandb": {"runtime": 454}}