{"Gender de-baising Losses": 0.0, "_timestamp": 1715818799.2944481, "_runtime": 123.97352623939514, "_step": 167}