{"Full Data Gender de-baising Losses": 5.2128430237180625, "_timestamp": 1717834975.334162, "_runtime": 703.3405449390411, "_step": 9, "_wandb": {"runtime": 702}}