{"Groups Accuracy": 0.27275532484054565, "_timestamp": 1716375574.1315782, "_runtime": 1072.1861181259155, "_step": 0}