{"Full Data Gender de-baising Losses": 48.33505379570885, "_timestamp": 1717832347.9072661, "_runtime": 832.4226641654968, "_step": 9, "_wandb": {"runtime": 831}}