{"Full Data Gender de-baising Losses": 101.98636689634188, "_timestamp": 1717798163.9512796, "_runtime": 613.2491805553436, "_step": 9, "_wandb": {"runtime": 612}}