{"Full Data Gender de-baising Losses": 110.22731966879351, "_timestamp": 1717798084.4300213, "_runtime": 533.7279222011566, "_step": 7}