{"Gender de-baising Losses": 0.037801611423492434, "_timestamp": 1716216143.6793191, "_runtime": 235.5584101676941, "_step": 101}