{"Length-wise Intervention Accuracy": 0.9878205128205129, "_timestamp": 1719962604.9157498, "_runtime": 290.4876847267151, "_step": 0, "_wandb": {"runtime": 289}}