{"Accuracy": 0.8870967626571655, "_timestamp": 1716361807.261044, "_runtime": 130.84328198432922, "_step": 0}