{"GPT-2 Sub-Space IIA": 0.7120229007633587, "Loss": 1.4686249055252731, "_timestamp": 1719415140.169976, "_runtime": 3745.674416065216, "_step": 1, "Validation Accuracy": 0.0427807486631016, "Validation Loss": 5.075649598065545, "_wandb": {"runtime": 3744}}