{"Full Data Gender de-baising Losses": 303.63635252299883, "_timestamp": 1717806593.3225324, "_runtime": 1764.5566284656525, "_step": 34, "_wandb": {"runtime": 1764}}