{"Full Data Accuracy": 0.5236175060272217, "_timestamp": 1717854093.429823, "_runtime": 362.4147398471832, "_step": 0, "_wandb": {"runtime": 361}}