{"GPT-2 Sub-Space IIA": 0.5590659340659341, "Loss": 1.702320349382257, "_timestamp": 1719430841.536582, "_runtime": 1750.6357960700989, "_step": 0, "_wandb": {"runtime": 1749}}