{"Accuracy": 0.8870967626571655, "_timestamp": 1716371092.847617, "_runtime": 221.92376399040222, "_step": 0}