{"Gender de-baising Losses": 0.0, "_timestamp": 1716213314.3724842, "_runtime": 107.35759329795837, "_step": 40}