{"Gender de-baising Losses": 34.926334857940674, "_timestamp": 1716523054.3845289, "_runtime": 123.80304789543152, "_step": 103, "_wandb": {"runtime": 123}}