{"Gender de-baising Losses": 4.21605224609375, "_timestamp": 1716215658.121036, "_runtime": 1510.3152120113373, "_step": 1166}