{"Full Data Gender de-baising Losses": 0.5908127339979541, "_timestamp": 1717801267.2025988, "_runtime": 653.9917087554932, "_step": 9, "_wandb": {"runtime": 653}}