{"Full Data Gender de-baising Losses": 46.33220893609608, "_timestamp": 1717341567.037825, "_runtime": 225.97449016571045, "_step": 0}