{"Full Data Gender de-baising Losses": 83.21109189040271, "_timestamp": 1717831151.6930296, "_runtime": 771.0443625450134, "_step": 9, "_wandb": {"runtime": 770}}