{"Full Data Gender de-baising Losses": 11.886801961148453, "_timestamp": 1717833321.619206, "_runtime": 729.0224840641022, "_step": 9, "_wandb": {"runtime": 728}}