{"Gender de-baising Losses": 0.41401150333695114, "_timestamp": 1716361056.894681, "_runtime": 1818.9632930755615, "_step": 1499, "_wandb": {"runtime": 1819}}