{"Full Data Gender de-baising Losses": 204.17097293104686, "_timestamp": 1717380988.7790775, "_runtime": 482.04817152023315, "_step": 9, "_wandb": {"runtime": 481}}