{"Full Data Gender de-baising Losses": 305.2678303245112, "_timestamp": 1717806792.6991217, "_runtime": 1720.2612447738647, "_step": 34, "_wandb": {"runtime": 1719}}