{"Full Data Gender de-baising Losses": 0.27345912837337627, "_timestamp": 1717848021.1175349, "_runtime": 2097.4683499336243, "_step": 24, "_wandb": {"runtime": 2109}}