{"Full Data Gender de-baising Losses": 90.2311045530634, "_timestamp": 1717343873.859093, "_runtime": 851.2952599525452, "_step": 3}