{"Full Data Gender de-baising Losses": 12.174486611261965, "_timestamp": 1717382552.4515755, "_runtime": 1510.7216095924377, "_step": 24, "_wandb": {"runtime": 1510}}