{"Gender de-baising Losses": 1.6066250801086426, "_timestamp": 1716143192.68576, "_runtime": 154.0036940574646, "_step": 46}