{"Epochs": 0, "Loss": 0.046012431383132935, "_timestamp": 1715754509.80917, "_runtime": 80.35130310058594, "_step": 0, "_wandb": {"runtime": 84}}