{"Epochs": 3, "Loss": 0.008477282710373402, "_timestamp": 1715754724.0872881, "_runtime": 200.93348217010498, "_step": 3, "_wandb": {"runtime": 204}}