{"Epochs": 0, "Loss": 2.7291098376736045e-05, "_timestamp": 1715758280.4886131, "_runtime": 89.44575119018555, "_step": 0, "_wandb": {"runtime": 97}}