{"Full Data Accuracy": 0.5, "_timestamp": 1717851467.5603492, "_runtime": 597.7227113246918, "_step": 0, "_wandb": {"runtime": 597}}