{"GPT-2 Sub-Space IIA": 0.341793893129771, "Loss": 2.4545096563132667, "_timestamp": 1719346479.7493849, "_runtime": 3745.5267419815063, "_step": 1, "Validation Accuracy": 0.1751336898395722, "Validation Loss": 5.0078976983055075, "_wandb": {"runtime": 3744}}