{"Full Data Accuracy": 0.4873271882534027, "_timestamp": 1717852856.0380242, "_runtime": 488.81747913360596, "_step": 0, "_wandb": {"runtime": 488}}