{"Full Data Gender de-baising Losses": 288.41314288931835, "_timestamp": 1717803852.9138544, "_runtime": 1594.0246994495392, "_step": 49, "_wandb": {"runtime": 1593}}