{"Full Data Gender de-baising Losses": 86.93268453451336, "_timestamp": 1717341456.647064, "_runtime": 617.7959840297699, "_step": 6}