{"Gender de-baising Losses": 0.00080108642578125, "_timestamp": 1715819074.2866828, "_runtime": 166.24108791351318, "_step": 477}