{"Full Data Gender de-baising Losses": 1.2750941204213504, "_timestamp": 1717835984.7879574, "_runtime": 802.2582514286041, "_step": 9, "_wandb": {"runtime": 801}}