{"Full Data Gender de-baising Losses": 7.973799350014305, "_timestamp": 1717382807.979179, "_runtime": 1506.298672914505, "_step": 24, "_wandb": {"runtime": 1506}}