{"Full Data Accuracy": 0.5080645084381104, "_timestamp": 1717390442.789349, "_runtime": 195.21578311920166, "_step": 0, "_wandb": {"runtime": 194}}