{"Gender de-baising Losses": 0.0, "_timestamp": 1716141989.355068, "_runtime": 119.04735803604126, "_step": 167}