{"Gender de-baising Losses": 0.08382126773933578, "_timestamp": 1716218716.131393, "_runtime": 1795.3562550544739, "_step": 1499, "_wandb": {"runtime": 1795}}