{"Accuracy": 0.4412442445755005, "_timestamp": 1716372158.338822, "_runtime": 146.2669689655304, "_step": 0}