{"Full Data Accuracy": 0.8680875301361084, "_timestamp": 1717390381.0616305, "_runtime": 189.72359251976013, "_step": 0, "_wandb": {"runtime": 189}}