{"Gender de-baising Losses": 88.74989318847656, "_timestamp": 1715773650.04787, "_runtime": 28.45077395439148, "_step": 1}