{"Gender de-baising Losses": 87.83862838745117, "_timestamp": 1716523911.737706, "_runtime": 131.16488003730774, "_step": 75}