{"Accuracy": 0.554147481918335, "_timestamp": 1716219972.1959848, "_runtime": 170.00879192352295, "_step": 0}