{"Full Data Gender de-baising Losses": 204.99256396168144, "_timestamp": 1717802103.5094001, "_runtime": 770.7881660461426, "_step": 9, "_wandb": {"runtime": 770}}