{"Full Data Gender de-baising Losses": 63.72192571523553, "_timestamp": 1717831269.7716236, "_runtime": 686.3288536071777, "_step": 9, "_wandb": {"runtime": 685}}