{"Full Data Accuracy": 0.5, "_timestamp": 1717855374.0843363, "_runtime": 446.2945363521576, "_step": 0, "_wandb": {"runtime": 445}}