{"Full Data Gender de-baising Losses": 7.994459206416292, "_timestamp": 1717389541.4214613, "_runtime": 1501.0776164531708, "_step": 24, "_wandb": {"runtime": 1500}}