{"Full Data Gender de-baising Losses": 17.4079111451761, "_timestamp": 1717381225.7710752, "_runtime": 587.0539691448212, "_step": 9, "_wandb": {"runtime": 586}}