{"Full Data Gender de-baising Losses": 0.2931453104082211, "_timestamp": 1717847907.5176418, "_runtime": 2030.849330663681, "_step": 24, "_wandb": {"runtime": 2043}}