{"Full Data Gender de-baising Losses": 0.8638253477720029, "_timestamp": 1717889159.67385, "_runtime": 2039.234750032425, "_step": 38, "das masking Gender Test (during_train) Accuracy": 0.5117568969726562, "das masking Professional Test (during_train) Accuracy": 0.725598931312561, "_wandb": {"runtime": 2042}}