{"Gender de-baising Losses": 0.0, "_timestamp": 1715777775.258585, "_runtime": 40.89805889129639, "_step": 34}