{"Full Data Gender de-baising Losses": 4.293400396782717, "_timestamp": 1717835051.4321692, "_runtime": 678.8780281543732, "_step": 9, "_wandb": {"runtime": 678}}