{"Full Data Accuracy": 0.8928571343421936, "_timestamp": 1717390122.1467953, "_runtime": 189.44801831245422, "_step": 0, "_wandb": {"runtime": 188}}