{"Accuracy": 0.45794931054115295, "_timestamp": 1716362467.787095, "_runtime": 165.0207359790802, "_step": 0}