{"GPT-2 Token Sub-Space Intervention Accuracy": 1.0, "Loss": 0.6546571254730225, "_timestamp": 1719442777.184351, "_runtime": 10.30497407913208, "_step": 0, "_wandb": {"runtime": 38}}