{"Full Data Gender de-baising Losses": 1.8374006126030513, "_timestamp": 1717891700.4296567, "_runtime": 1866.786212682724, "_step": 28, "das masking Gender Test (during_train) Accuracy": 0.5013309717178345, "das masking Professional Test (during_train) Accuracy": 0.9438775777816772, "_wandb": {"runtime": 1902}}