{"Full Data Gender de-baising Losses": 1.7881887420170355, "_timestamp": 1717835915.9862344, "_runtime": 798.0902233123779, "_step": 9, "_wandb": {"runtime": 797}}