{"Accuracy": 0.9020737409591675, "_timestamp": 1716376056.481903, "_runtime": 189.53840112686157, "_step": 0}