{"Accuracy": 0.49302974343299866, "_timestamp": 1716354950.285007, "_runtime": 557.9605898857117, "_step": 0, "_wandb": {"runtime": 2217}}