{"Full Data Gender de-baising Losses": 10.613441545183852, "_timestamp": 1717836072.3294148, "_runtime": 702.331307888031, "_step": 9, "_wandb": {"runtime": 701}}