{"Full Data Accuracy": 0.5, "_timestamp": 1717851442.3925698, "_runtime": 582.2927198410034, "_step": 0, "_wandb": {"runtime": 581}}