{"Gender de-baising Losses": 0.0, "_timestamp": 1716142745.953356, "_runtime": 173.49732613563538, "_step": 693}