{"Groups Accuracy": 0.8802221417427063, "_timestamp": 1717395853.779258, "_runtime": 1625.725657939911, "_step": 0}