{"Groups Accuracy": 0.9999999403953552, "_timestamp": 1717395931.5085871, "_runtime": 1572.3131132125854, "_step": 0}