{"Gender de-baising Losses": 4.125231072306633, "_timestamp": 1716359207.7875211, "_runtime": 968.9921770095825, "_step": 852}