{"Full Data Gender de-baising Losses": 37.15666706384819, "_timestamp": 1717380719.5704331, "_runtime": 486.3074071407318, "_step": 9, "_wandb": {"runtime": 485}}