{"Gender de-baising Losses": 21.300308990482428, "_timestamp": 1716524041.473763, "_runtime": 97.03648090362549, "_step": 55}