{"Gender de-baising Losses": 27.454227161447015, "_timestamp": 1716524133.9248362, "_runtime": 189.48755407333374, "_step": 99, "_wandb": {"runtime": 189}}