{"Full Data Accuracy": 0.9354838728904724, "_timestamp": 1717852783.179167, "_runtime": 497.7861111164093, "_step": 0, "_wandb": {"runtime": 497}}