{"Gender de-baising Losses": 76.51797485351562, "_timestamp": 1715773700.8667479, "_runtime": 17.196244955062866, "_step": 0}