{"Full Data Gender de-baising Losses": 97.62676971009436, "_timestamp": 1717380215.067785, "_runtime": 642.2937440872192, "_step": 2, "_wandb": {"runtime": 711}}