{"Full Data Gender de-baising Losses": 0.9531291499955535, "_timestamp": 1717847691.6170514, "_runtime": 1790.6445813179016, "_step": 24, "_wandb": {"runtime": 1802}}