{"Gender de-baising Losses": 34.40599479675293, "_timestamp": 1716391890.792497, "_runtime": 3192.147425889969, "_step": 1499}