{"Gender de-baising Losses": 5.824203300476074, "_timestamp": 1716524377.1263769, "_runtime": 188.1330759525299, "_step": 99, "_wandb": {"runtime": 187}}