{"Full Data Accuracy": 0.5138248801231384, "_timestamp": 1717390160.3476343, "_runtime": 183.44642329216003, "_step": 0, "_wandb": {"runtime": 183}}