{"Gender de-baising Losses": 0.05055217291228402, "_timestamp": 1716188610.3786502, "_runtime": 430.9913241863251, "_step": 299, "_wandb": {"runtime": 444}}