{"Accuracy": 0.5535714030265808, "_timestamp": 1716367865.163528, "_runtime": 263.69108295440674, "_step": 0}