{"Epochs": 3, "Loss": 0.04947640374302864, "_timestamp": 1715756447.2449841, "_runtime": 228.70730805397034, "_step": 3, "_wandb": {"runtime": 326}}