{"Full Data Accuracy": 0.9107142686843872, "_timestamp": 1717853536.7315295, "_runtime": 436.37109446525574, "_step": 0, "_wandb": {"runtime": 436}}