{"Gender de-baising Losses": 0.9742214918136597, "_timestamp": 1716179926.5867882, "_runtime": 185.97940826416016, "_step": 73}