{"Full Data Gender de-baising Losses": 52.24671529981821, "_timestamp": 1717340546.676308, "_runtime": 106.14583992958069, "_step": 0, "_wandb": {"runtime": 145}}