{"Full Data Gender de-baising Losses": 299.79485695074635, "_timestamp": 1717389315.405993, "_runtime": 1264.5031309127808, "_step": 24, "_wandb": {"runtime": 1264}}