{"Accuracy": 0.5535714030265808, "_timestamp": 1716362902.505326, "_runtime": 170.8699300289154, "_step": 0}