{"Full Data Gender de-baising Losses": 9.92431686923418, "_timestamp": 1717834648.5169406, "_runtime": 1526.6195335388184, "_step": 24, "_wandb": {"runtime": 1526}}