{"Full Data Gender de-baising Losses": 615.377929257675, "_timestamp": 1717803820.7225873, "_runtime": 1592.5807383060455, "_step": 49, "_wandb": {"runtime": 1592}}