{"Groups Accuracy": 0.8636152148246765, "_timestamp": 1716529528.915908, "_runtime": 3365.365952014923, "_step": 3, "_wandb": {"runtime": 3365}}