{"Accuracy": 0.5921658873558044, "_timestamp": 1716376201.590543, "_runtime": 262.0886380672455, "_step": 0}