{"Full Data Gender de-baising Losses": 175.69541721612634, "_timestamp": 1717795469.5938463, "_runtime": 373.1045112609863, "_step": 9, "_wandb": {"runtime": 372}}