{"Full Data Gender de-baising Losses": 159.61025311422685, "_timestamp": 1717798843.3969784, "_runtime": 592.708690404892, "_step": 9, "_wandb": {"runtime": 592}}