{"Full Data Gender de-baising Losses": 115.45560680340368, "_timestamp": 1717798482.3029735, "_runtime": 231.6146855354309, "_step": 0}