{"Accuracy": 0.5535714030265808, "_timestamp": 1716263442.331006, "_runtime": 214.67264103889465, "_step": 0}