{"Full Data Gender de-baising Losses": 62.02181793442855, "_timestamp": 1717796207.796829, "_runtime": 551.0272469520569, "_step": 8}