{"Full Data Gender de-baising Losses": 202.95492112298385, "_timestamp": 1717796248.7331717, "_runtime": 591.9635896682739, "_step": 9, "_wandb": {"runtime": 591}}