{"Epochs": 3, "Loss": 5.296773151921945e-14, "_timestamp": 1715758539.9679701, "_runtime": 213.6642870903015, "_step": 3}