{"Gender de-baising Losses": 12.719847488403321, "_timestamp": 1716522629.5409331, "_runtime": 134.15217304229736, "_step": 87, "_wandb": {"runtime": 133}}