{"Full Data Gender de-baising Losses": 7.445999392569496, "_timestamp": 1717834137.1554081, "_runtime": 731.1152291297913, "_step": 9, "_wandb": {"runtime": 730}}