{"Accuracy": 0.4907834231853485, "_timestamp": 1716370616.149847, "_runtime": 171.16598296165466, "_step": 0}