{"Gender de-baising Losses": 25.989410877227783, "_timestamp": 1716523278.931394, "_runtime": 125.82488012313843, "_step": 99, "_wandb": {"runtime": 124}}