{"Full Data Gender de-baising Losses": 194.3972380879923, "_timestamp": 1717802093.34607, "_runtime": 765.7552721500397, "_step": 9, "_wandb": {"runtime": 765}}