{"GPT-2 Accuracy": 1.0, "Loss": 1.8390237092971802, "_timestamp": 1719442730.350178, "_runtime": 11.090464115142822, "_step": 0, "_wandb": {"runtime": 16}}