{"Full Data Accuracy": 0.5, "_timestamp": 1717853606.6999903, "_runtime": 414.1228623390198, "_step": 0, "_wandb": {"runtime": 413}}