{"Full Data Accuracy": 0.5685483813285828, "_timestamp": 1717390636.7079563, "_runtime": 185.10103726387024, "_step": 0, "_wandb": {"runtime": 184}}