{"Gender de-baising Losses": 0.9742214918136597, "_timestamp": 1716184942.05424, "_runtime": 174.4608769416809, "_step": 73, "_wandb": {"runtime": 178}}