{"Accuracy": 1.0, "_timestamp": 1715777317.273706, "_runtime": 99.20597696304321, "_step": 3, "_wandb": {"runtime": 103}}