{"Full Data Gender de-baising Losses": 0.5871022822969454, "_timestamp": 1717801131.2251456, "_runtime": 736.8947944641113, "_step": 9, "_wandb": {"runtime": 736}}