{"Gender de-baising Losses": 2.302151679992676, "_timestamp": 1716142529.173389, "_runtime": 74.06486487388611, "_step": 103}