{"Gender de-baising Losses": 0.0, "_timestamp": 1715774958.4550679, "_runtime": 647.667014837265, "_step": 1089, "_wandb": {"runtime": 648}}