{"Accuracy": 0.5535714030265808, "_timestamp": 1716351969.0981529, "_runtime": 161.79217290878296, "_step": 0, "_wandb": {"runtime": 161}}