{"GPT-2 Sub-Space IIA": 0.5705128205128205, "Loss": 1.6552499960050424, "_timestamp": 1719433915.2128158, "_runtime": 4437.523062705994, "_step": 0, "_wandb": {"runtime": 4436}}