{"GPT-2 Token Sub-Space Intervention Accuracy": 0.2598762494050452, "GPT-2 Token Sub-Space Intervention Loss": 2.756522260060173, "_timestamp": 1719445936.9177558, "_runtime": 1553.8287289142609, "_step": 20, "_wandb": {"runtime": 1613}}