{"Full Data Gender de-baising Losses": 299.7742044342325, "_timestamp": 1717382351.9067287, "_runtime": 1260.2438447475433, "_step": 24, "_wandb": {"runtime": 1259}}