{"Groups Accuracy": 0.9851279854774475, "_timestamp": 1717395977.329354, "_runtime": 1666.4205770492554, "_step": 0}