{"Full Data Gender de-baising Losses": 190.09195008007347, "_timestamp": 1717798002.9086394, "_runtime": 653.9885454177856, "_step": 9, "_wandb": {"runtime": 653}}