{"Accuracy": 0.9176267385482788, "_timestamp": 1716376852.1171572, "_runtime": 226.99463033676147, "_step": 0}