{"Gender de-baising Losses": 0.7072402954101562, "_timestamp": 1716143723.264513, "_runtime": 177.0663230419159, "_step": 72}