{"Gender de-baising Losses": 106.44501724243165, "_timestamp": 1716478141.609028, "_runtime": 312.24879908561707, "_step": 199, "_wandb": {"runtime": 311}}