{"Gender de-baising Losses": 69.63201293945312, "_timestamp": 1716478016.3022568, "_runtime": 186.94202780723572, "_step": 90}