{"Accuracy": 0.45794931054115295, "_timestamp": 1716370343.343887, "_runtime": 168.96389818191528, "_step": 0}