{"Accuracy": 0.8577188849449158, "_timestamp": 1716219426.8387918, "_runtime": 170.30826473236084, "_step": 0, "_wandb": {"runtime": 169}}