{"Gender de-baising Losses": 0.6429229150542589, "_timestamp": 1716187741.14413, "_runtime": 247.77113890647888, "_step": 120}