{"GPT-2 Accuracy": 1.0, "Loss": 1.9249565601348877, "_timestamp": 1719442650.116382, "_runtime": 10.284099817276001, "_step": 0, "_wandb": {"runtime": 60}}