{"GPT-2 Token Sub-Space Intervention Accuracy": 0.569728700618753, "GPT-2 Token Sub-Space Intervention Loss": 1.6620015469740992, "_timestamp": 1719446687.757589, "_runtime": 1468.2300980091095, "_step": 20, "_wandb": {"runtime": 1521}}