{"Epochs": 3, "Loss": 1.0691624879837036, "_timestamp": 1715756770.418504, "_runtime": 217.89588689804077, "_step": 3, "_wandb": {"runtime": 217}}