{"Gender de-baising Losses": 18.733568379511418, "_timestamp": 1716213925.672377, "_runtime": 434.2168960571289, "_step": 299, "_wandb": {"runtime": 433}}