{"Full Data Gender de-baising Losses": 10.561193153516724, "_timestamp": 1717834219.9188824, "_runtime": 714.341067314148, "_step": 9, "_wandb": {"runtime": 713}}