{"Gender de-baising Losses": 76.51797485351562, "_timestamp": 1715773322.1080909, "_runtime": 20.039666891098022, "_step": 0}