{"Full Data Gender de-baising Losses": 95.08486957448297, "_timestamp": 1717804779.3614545, "_runtime": 598.3272016048431, "_step": 9, "_wandb": {"runtime": 597}}