{"GPT-2 Token Sub-Space Intervention Accuracy": 0.5724275724275725, "GPT-2 Token Sub-Space Intervention Loss": 1.701610883305242, "_timestamp": 1719444032.8680232, "_runtime": 1084.861545085907, "_step": 9, "_wandb": {"runtime": 1154}}