{"Groups Accuracy": 0.9939590692520142, "_timestamp": 1717400405.397983, "_runtime": 3461.764330148697, "_step": 3, "_wandb": {"runtime": 3461}}