{"Gender de-baising Losses": 1.0848026704479707e-06, "_timestamp": 1716186406.152413, "_runtime": 239.55998992919922, "_step": 101}