{"Gender de-baising Losses": 106.52732849121094, "_timestamp": 1716387075.394432, "_runtime": 1688.5715110301971, "_step": 1499}