{"Accuracy": 0.559907853603363, "_timestamp": 1716371745.827273, "_runtime": 174.3658139705658, "_step": 0}