{"Gender de-baising Losses": 131.9299585342407, "_timestamp": 1716524162.760267, "_runtime": 236.56716394424438, "_step": 99, "_wandb": {"runtime": 235}}