{"Gender de-baising Losses": 13.065124559402467, "_timestamp": 1716524040.759447, "_runtime": 114.56634402275085, "_step": 49}