{"Epochs": 3, "Loss": 0.7915666103363037, "_timestamp": 1715755363.534165, "_runtime": 201.67827892303467, "_step": 3, "_wandb": {"runtime": 465}}